{
    "schemaId":"builtin:alerting.profile",
    "schemaVersion":"8.3",
    "scope":"environment",
    "value":{
       "name":"Dagobert",
       "severityRules":[
          {
             "severityLevel":"AVAILABILITY",
             "delayInMinutes":0,
             "tagFilterIncludeMode":"NONE"
          },
          {
             "severityLevel":"ERRORS",
             "delayInMinutes":0,
             "tagFilterIncludeMode":"NONE"
          },
          {
             "severityLevel":"PERFORMANCE",
             "delayInMinutes":30,
             "tagFilterIncludeMode":"NONE"
          },
          {
             "severityLevel":"RESOURCE_CONTENTION",
             "delayInMinutes":30,
             "tagFilterIncludeMode":"NONE"
          },
          {
             "severityLevel":"CUSTOM_ALERT",
             "delayInMinutes":0,
             "tagFilterIncludeMode":"NONE"
          },
          {
             "severityLevel":"MONITORING_UNAVAILABLE",
             "delayInMinutes":0,
             "tagFilterIncludeMode":"NONE"
          }
       ],
       "eventFilters":[
          
       ]
    }
 }