{
  "schemaId": "builtin:problem.notifications",
  "schemaVersion": "1.4.11",
  "scope": "environment",
  "value": {
    "enabled": true,
    "type": "EMAIL",
    "displayName": "mz-az-tech-dagobert - Dagobert Email Notification",
    "emailNotification": {
      "recipients": [
        "extern.binder_david@allianz.de"
      ],
      "ccRecipients": [],
      "bccRecipients": [],
      "subject": "{State} Problem {ProblemID}: {ImpactedEntity}",
      "notifyClosedProblems": true,
      "body": "{ProblemDetailsHTML}"
    },
    "alertingProfile": "Dagobert"
  }
}