 {
  "metadata": {
    "configurationVersions": [
      7
    ],
    "clusterVersion": "1.272.109.20230809-133453"
  },
  "id": "7f6d265c-d59b-4d4a-ad58-f308b3361d64",
  "dashboardMetadata": {
    "name": "mz-az-tech-dagobert - Dagobert Dashboard",
    "shared": true,
    "owner": "extern.binder_david@allianz.de",
    "dashboardFilter": {
      "managementZone": {
        "id": "-2021972831921368595",
        "name": "mz-az-tech-dagobert"
      }
    },
    "tags": [
      "cac_managed",
      "@mz-az-tech-dagobert"
    ],
    "dynamicFilters": {
      "filters": [
        "HOST_TAG_KEY:[AWS]dynatrace"
      ],
      "genericTagFilters": []
    },
    "tilesNameSize": "medium",
    "hasConsistentColors": false
  },
  "tiles": [
    {
      "name": "CPU Usage",
      "tileType": "DATA_EXPLORER",
      "configured": true,
      "bounds": {
        "top": 38,
        "left": 38,
        "width": 494,
        "height": 418
      },
      "tileFilter": {},
      "isAutoRefreshDisabled": false,
      "customName": "Data explorer results",
      "queries": [
        {
          "id": "A",
          "metric": "builtin:cloud.aws.rds.cpu.usage",
          "spaceAggregation": "AVG",
          "timeAggregation": "DEFAULT",
          "splitBy": [
            "dt.entity.relational_database_service"
          ],
          "sortBy": "DESC",
          "sortByDimension": "",
          "filterBy": {
            "nestedFilters": [],
            "criteria": []
          },
          "limit": 20,
          "rate": "NONE",
          "enabled": true
        }
      ],
      "visualConfig": {
        "type": "GRAPH_CHART",
        "global": {
          "hideLegend": false
        },
        "rules": [
          {
            "matcher": "A:",
            "properties": {
              "color": "DEFAULT"
            },
            "seriesOverrides": []
          }
        ],
        "axes": {
          "xAxis": {
            "displayName": "",
            "visible": true
          },
          "yAxes": [
            {
              "displayName": "",
              "visible": true,
              "min": "AUTO",
              "max": "AUTO",
              "position": "LEFT",
              "queryIds": [
                "A"
              ],
              "defaultAxis": true
            }
          ]
        },
        "heatmapSettings": {
          "yAxis": "VALUE",
          "showLabels": false
        },
        "thresholds": [
          {
            "axisTarget": "LEFT",
            "rules": [
              {
                "value": 0,
                "color": "#7dc540"
              },
              {
                "value": "95",
                "color": "#f5d30f"
              },
              {
                "value": "99",
                "color": "#dc172a"
              }
            ],
            "queryId": "",
            "visible": true
          }
        ],
        "tableSettings": {
          "isThresholdBackgroundAppliedToCell": false,
          "hiddenColumns": []
        },
        "graphChartSettings": {
          "connectNulls": false
        },
        "honeycombSettings": {
          "showHive": true,
          "showLegend": true,
          "showLabels": false
        }
      },
      "queriesSettings": {
        "resolution": ""
      },
      "metricExpressions": [
        "resolution=null&(builtin:cloud.aws.rds.cpu.usage:splitBy(\"dt.entity.relational_database_service\"):avg:sort(value(avg,descending)):limit(20)):limit(100):names"
      ]
    },
    {
      "name": "Read IOPS",
      "tileType": "DATA_EXPLORER",
      "configured": true,
      "bounds": {
        "top": 38,
        "left": 570,
        "width": 494,
        "height": 418
      },
      "tileFilter": {},
      "isAutoRefreshDisabled": false,
      "customName": "Data explorer results",
      "queries": [
        {
          "id": "A",
          "metric": "builtin:cloud.aws.rds.ops.read",
          "spaceAggregation": "AVG",
          "timeAggregation": "DEFAULT",
          "splitBy": [
            "dt.entity.relational_database_service"
          ],
          "sortBy": "DESC",
          "sortByDimension": "",
          "filterBy": {
            "nestedFilters": [],
            "criteria": []
          },
          "limit": 20,
          "rate": "NONE",
          "enabled": true
        }
      ],
      "visualConfig": {
        "type": "GRAPH_CHART",
        "global": {
          "hideLegend": false
        },
        "rules": [
          {
            "matcher": "A:",
            "properties": {
              "color": "DEFAULT"
            },
            "seriesOverrides": []
          }
        ],
        "axes": {
          "xAxis": {
            "displayName": "",
            "visible": true
          },
          "yAxes": [
            {
              "displayName": "",
              "visible": true,
              "min": "AUTO",
              "max": "AUTO",
              "position": "LEFT",
              "queryIds": [
                "A"
              ],
              "defaultAxis": true
            }
          ]
        },
        "heatmapSettings": {
          "yAxis": "VALUE",
          "showLabels": false
        },
        "thresholds": [
          {
            "axisTarget": "LEFT",
            "rules": [
              {
                "value": 0,
                "color": "#7dc540"
              },
              {
                "value": "10000",
                "color": "#f5d30f"
              },
              {
                "value": "20000",
                "color": "#dc172a"
              }
            ],
            "queryId": "",
            "visible": true
          }
        ],
        "tableSettings": {
          "isThresholdBackgroundAppliedToCell": false,
          "hiddenColumns": []
        },
        "graphChartSettings": {
          "connectNulls": false
        },
        "honeycombSettings": {
          "showHive": true,
          "showLegend": true,
          "showLabels": false
        }
      },
      "queriesSettings": {
        "resolution": "1m"
      },
      "metricExpressions": [
        "resolution=1m&(builtin:cloud.aws.rds.ops.read:splitBy(\"dt.entity.relational_database_service\"):avg:sort(value(avg,descending)):limit(20)):limit(100):names"
      ]
    },
    {
      "name": "Write IOPS",
      "tileType": "DATA_EXPLORER",
      "configured": true,
      "bounds": {
        "top": 38,
        "left": 1102,
        "width": 494,
        "height": 418
      },
      "tileFilter": {},
      "isAutoRefreshDisabled": false,
      "customName": "Data explorer results",
      "queries": [
        {
          "id": "A",
          "metric": "builtin:cloud.aws.rds.ops.write",
          "spaceAggregation": "AVG",
          "timeAggregation": "DEFAULT",
          "splitBy": [
            "dt.entity.relational_database_service"
          ],
          "sortBy": "DESC",
          "sortByDimension": "",
          "filterBy": {
            "nestedFilters": [],
            "criteria": []
          },
          "limit": 20,
          "rate": "NONE",
          "enabled": true
        }
      ],
      "visualConfig": {
        "type": "GRAPH_CHART",
        "global": {
          "hideLegend": false
        },
        "rules": [
          {
            "matcher": "A:",
            "properties": {
              "color": "DEFAULT"
            },
            "seriesOverrides": []
          }
        ],
        "axes": {
          "xAxis": {
            "displayName": "",
            "visible": true
          },
          "yAxes": [
            {
              "displayName": "",
              "visible": true,
              "min": "AUTO",
              "max": "AUTO",
              "position": "LEFT",
              "queryIds": [
                "A"
              ],
              "defaultAxis": true
            }
          ]
        },
        "heatmapSettings": {
          "yAxis": "VALUE",
          "showLabels": false
        },
        "thresholds": [
          {
            "axisTarget": "LEFT",
            "rules": [
              {
                "value": 0,
                "color": "#7dc540"
              },
              {
                "value": "10000",
                "color": "#f5d30f"
              },
              {
                "value": "20000",
                "color": "#dc172a"
              }
            ],
            "queryId": "",
            "visible": true
          }
        ],
        "tableSettings": {
          "isThresholdBackgroundAppliedToCell": false,
          "hiddenColumns": []
        },
        "graphChartSettings": {
          "connectNulls": false
        },
        "honeycombSettings": {
          "showHive": true,
          "showLegend": true,
          "showLabels": false
        }
      },
      "queriesSettings": {
        "resolution": ""
      },
      "metricExpressions": [
        "resolution=null&(builtin:cloud.aws.rds.ops.write:splitBy(\"dt.entity.relational_database_service\"):avg:sort(value(avg,descending)):limit(20)):limit(100):names"
      ]
    },
    {
      "name": "SWAP Usage",
      "nameSize": "medium",
      "tileType": "DATA_EXPLORER",
      "configured": true,
      "bounds": {
        "top": 456,
        "left": 304,
        "width": 494,
        "height": 380
      },
      "tileFilter": {},
      "isAutoRefreshDisabled": false,
      "customName": "Data explorer results",
      "queries": [
        {
          "id": "A",
          "metric": "builtin:cloud.aws.rds.memory.swap",
          "spaceAggregation": "AVG",
          "timeAggregation": "DEFAULT",
          "splitBy": [
            "dt.entity.relational_database_service"
          ],
          "sortBy": "DESC",
          "sortByDimension": "",
          "filterBy": {
            "nestedFilters": [],
            "criteria": []
          },
          "limit": 20,
          "rate": "NONE",
          "enabled": true
        }
      ],
      "visualConfig": {
        "type": "GRAPH_CHART",
        "global": {
          "hideLegend": false
        },
        "rules": [
          {
            "matcher": "A:",
            "unitTransform": "GigaByte",
            "valueFormat": "auto",
            "properties": {
              "color": "DEFAULT",
              "seriesType": "LINE"
            },
            "seriesOverrides": []
          }
        ],
        "axes": {
          "xAxis": {
            "displayName": "",
            "visible": true
          },
          "yAxes": [
            {
              "displayName": "",
              "visible": true,
              "min": "AUTO",
              "max": "AUTO",
              "position": "LEFT",
              "queryIds": [
                "A"
              ],
              "defaultAxis": true
            }
          ]
        },
        "heatmapSettings": {
          "yAxis": "VALUE",
          "showLabels": false
        },
        "thresholds": [
          {
            "axisTarget": "LEFT",
            "rules": [
              {
                "value": 0,
                "color": "#7dc540"
              },
              {
                "value": "3.5",
                "color": "#f5d30f"
              },
              {
                "value": "4",
                "color": "#dc172a"
              }
            ],
            "queryId": "",
            "visible": true
          }
        ],
        "tableSettings": {
          "isThresholdBackgroundAppliedToCell": false,
          "hiddenColumns": []
        },
        "graphChartSettings": {
          "connectNulls": false
        },
        "honeycombSettings": {
          "showHive": true,
          "showLegend": true,
          "showLabels": false
        }
      },
      "queriesSettings": {
        "resolution": "1m"
      },
      "metricExpressions": [
        "resolution=1m&(builtin:cloud.aws.rds.memory.swap:splitBy(\"dt.entity.relational_database_service\"):avg:sort(value(avg,descending)):limit(20)):limit(100):names"
      ]
    },
    {
      "name": "Free Memory",
      "tileType": "DATA_EXPLORER",
      "configured": true,
      "bounds": {
        "top": 456,
        "left": 836,
        "width": 494,
        "height": 380
      },
      "tileFilter": {},
      "isAutoRefreshDisabled": false,
      "customName": "Data explorer results",
      "queries": [
        {
          "id": "A",
          "metric": "builtin:cloud.aws.rds.memory.freeable",
          "spaceAggregation": "AVG",
          "timeAggregation": "DEFAULT",
          "splitBy": [
            "dt.entity.relational_database_service"
          ],
          "sortBy": "DESC",
          "sortByDimension": "",
          "filterBy": {
            "nestedFilters": [],
            "criteria": []
          },
          "limit": 20,
          "rate": "NONE",
          "enabled": true
        }
      ],
      "visualConfig": {
        "type": "GRAPH_CHART",
        "global": {
          "hideLegend": false
        },
        "rules": [
          {
            "matcher": "A:",
            "unitTransform": "MebiByte",
            "valueFormat": "auto",
            "properties": {
              "color": "DEFAULT",
              "seriesType": "LINE"
            },
            "seriesOverrides": []
          }
        ],
        "axes": {
          "xAxis": {
            "displayName": "",
            "visible": true
          },
          "yAxes": [
            {
              "displayName": "",
              "visible": true,
              "min": "AUTO",
              "max": "AUTO",
              "position": "LEFT",
              "queryIds": [
                "A"
              ],
              "defaultAxis": true
            }
          ]
        },
        "heatmapSettings": {
          "yAxis": "VALUE",
          "showLabels": false
        },
        "thresholds": [
          {
            "axisTarget": "LEFT",
            "rules": [
              {
                "value": 2,
                "color": "#7dc540"
              },
              {
                "value": "100",
                "color": "#f5d30f"
              },
              {
                "value": "50",
                "color": "#dc172a"
              }
            ],
            "queryId": "",
            "visible": true
          }
        ],
        "tableSettings": {
          "isThresholdBackgroundAppliedToCell": false,
          "hiddenColumns": []
        },
        "graphChartSettings": {
          "connectNulls": true
        },
        "honeycombSettings": {
          "showHive": true,
          "showLegend": true,
          "showLabels": false
        }
      },
      "queriesSettings": {
        "resolution": ""
      },
      "metricExpressions": [
        "resolution=null&(builtin:cloud.aws.rds.memory.freeable.freeable:splitBy(\"dt.entity.relational_database_service\"):avg:sort(value(avg,descending)):limit(20)):limit(100):names"
      ]
    }
  ]
}